cell_type,n_cells,score_CD4_T_median,score_CD8_T_median,score_NK_median,score_B_cell_median,score_CD14_monocyte_median,score_FCGR3A_monocyte_median,score_Dendritic_median,score_Platelet_median
B cell,4900,0.938705735,0.0,0.0,3.2727518,0.0,0.0,0.54402095,0.0
CD14 monocyte,2280,0.0,0.5909651,0.0,0.81400469,2.4898622,0.52347773,0.6030570500000001,0.0
CD4 T,22764,1.82152065,0.0,0.0,0.38733548,0.0,0.0,0.0,0.0
CD8 T,10482,1.0075669500000002,1.49289085,0.5878987,0.45359907,0.0,0.0,0.0,0.0
Dendritic,2148,0.69873715,0.36824898500000003,0.0,1.2663492500000002,0.39916841999999997,0.0,0.96353188,0.0
FCGR3A monocyte,3311,0.6913698,0.70208585,0.0,0.91864926,0.62929165,1.1681997,0.38872826,0.0
NK,9325,0.0,0.90059584,2.8124144,0.4415084,0.35075346,0.3560542,0.0,0.0
Platelet,1693,1.3156314,0.0,0.0,0.37965676,0.0,0.0,0.0,0.36315772
